user_id,name,gender,age,created_at
1,Alexander Hill,Male,56,2024-07-27 08:37:46
2,Brian Yang,Other,23,2025-04-03 14:02:55
3,Jennifer Johnson,Female,17,2024-07-23 19:23:13
4,Lindsay Hoffman,Female,33,2025-08-14 03:15:09
5,Joshua Robinson,Male,31,2025-05-07 16:23:17
6,Sean Blake,Male,30,2024-06-07 23:56:42
7,Gerald Moore,Male,24,2025-09-20 00:14:30
8,Anna Davis,Female,22,2025-11-24 06:07:11
9,Deborah Williams,Female,59,2025-01-26 19:58:48
10,Valerie Gray,Female,50,2025-04-08 18:27:46
11,Mark Mcclure,Male,21,2024-11-11 21:02:42
12,Michele Williams,Other,53,2024-07-31 00:00:41
13,Victoria Wyatt,Female,43,2025-12-09 00:06:21
14,Donald Reid,Male,18,2024-11-14 08:38:40
15,Henry Santiago,Male,17,2025-08-03 02:33:30
16,Matthew Lynch,Male,21,2024-06-16 21:56:07
17,David Ford,Male,29,2024-09-01 15:52:18
18,Margaret Hawkins DDS,Female,30,2025-11-20 15:34:41
19,Anthony Underwood,Male,48,2025-10-22 06:49:16
20,Derek Clark,Male,54,2025-04-20 12:40:55
21,Emily Rios,Female,17,2024-12-08 06:47:34
22,Marvin Thomas,Male,51,2024-05-23 10:34:39
23,Justin Baker,Male,28,2025-05-04 01:09:08
24,Kevin Cox,Male,57,2024-05-22 10:22:13
25,Ann Williams,Female,60,2024-04-30 03:41:15
26,Caitlin Becker,Female,50,2025-05-13 05:32:59
27,James Ferrell,Male,42,2025-03-21 23:05:09
28,Kristen Dunlap,Female,30,2025-07-17 09:04:53
29,Melanie Herrera,Female,44,2024-08-30 05:39:42
30,Gerald Carter,Male,53,2024-06-06 19:57:14
31,Tiffany Liu,Female,33,2024-08-27 13:36:26
32,Dr. Jordan Rodriguez,Male,16,2025-06-04 16:07:12
33,Mark Lynch,Male,26,2024-06-02 16:48:36
34,Christopher Ashley,Other,60,2026-01-21 11:05:50
35,April Nguyen,Other,43,2024-02-20 02:45:09
36,Heidi Galloway,Female,37,2025-10-23 15:03:07
37,Anthony Humphrey,Male,33,2024-04-06 03:49:03
38,John Jones,Male,25,2025-09-17 18:19:54
39,Beth Keller,Female,29,2025-04-07 00:45:41
40,Joseph Obrien,Male,37,2024-07-18 11:53:03
41,Pedro Vaughn,Male,22,2025-08-11 18:00:42
42,Whitney Santos,Female,21,2025-01-10 06:27:25
43,Jesse Wright,Male,40,2024-03-25 17:12:32
44,Kevin Hall,Other,22,2024-07-25 00:49:45
45,Michael Brown,Male,38,2024-03-28 08:06:46
46,Shannon Jones,Female,38,2024-08-07 20:24:27
47,John Ryan,Male,54,2025-08-19 19:56:55
48,Laura Kennedy,Female,32,2025-10-06 10:02:45
49,Jennifer Davis,Female,18,2025-06-30 20:00:30
50,Jeff Owens,Male,45,2025-08-24 06:38:19
51,Matthew Lucas,Other,50,2024-03-23 01:34:54
52,Gina Hensley,Female,23,2024-08-16 02:58:11
53,Joshua Taylor,Other,40,2024-06-26 12:08:40
54,Danielle Leblanc,Female,21,2025-01-14 04:14:07
55,Savannah Garcia,Female,51,2025-06-25 12:32:29
56,Dr. Tracy House DVM,Other,34,2024-06-13 03:56:36
57,John Hancock,Male,56,2026-01-05 22:26:02
58,James Galloway,Male,55,2024-08-28 23:25:22
59,Richard Mitchell,Male,39,2025-07-30 01:05:11
60,Zachary Peters,Male,52,2025-08-15 23:46:50
61,Colton Robinson,Male,28,2024-03-21 09:53:14
62,Joshua Adkins,Male,20,2024-03-20 09:19:03
63,Karen Calhoun,Female,18,2025-03-23 12:35:18
64,Tyler Miller,Male,58,2024-06-28 07:42:29
65,Barry Hensley,Male,30,2024-12-14 14:36:05
66,Stefanie Sanchez,Female,34,2025-05-11 18:19:12
67,Bradley Sandoval,Male,21,2025-04-19 00:16:23
68,Taylor Harris,Female,30,2025-08-14 06:27:45
69,Derek Anderson,Male,22,2025-06-20 08:41:11
70,Eugene Walton,Other,40,2024-04-01 07:58:53
71,Lisa Hart,Female,33,2024-04-22 15:27:55
72,Daniel Baker,Male,45,2026-01-29 20:53:43
73,Benjamin Sanchez,Male,56,2024-09-13 08:13:47
74,Sandra Warner,Female,39,2025-05-25 02:10:46
75,Renee Rice DDS,Female,26,2025-04-10 18:12:56
76,Mary Mcmillan,Female,39,2024-05-19 07:02:51
77,Stacy Newton,Female,38,2024-06-04 17:26:19
78,Larry Robbins,Male,29,2024-07-12 03:00:31
79,Samuel Wagner,Male,58,2024-08-18 00:55:08
80,Ryan Davis,Male,33,2024-12-29 23:42:15
81,Amanda Cook,Female,60,2024-05-16 14:20:05
82,Deborah Figueroa,Female,59,2025-04-08 11:44:53
83,Justin Rodriguez,Male,57,2025-12-21 21:58:33
84,Chase Johnson,Male,20,2024-11-17 18:21:52
85,Charles Anderson,Male,54,2024-10-01 10:01:54
86,Timothy Stanton,Male,56,2024-03-06 23:22:26
87,Christine Wright,Female,26,2024-04-24 19:53:30
88,Kristin Baxter,Female,50,2025-06-01 01:38:55
89,Tammy Young,Female,31,2024-06-10 04:55:55
90,Rita Keith MD,Female,26,2025-08-30 02:14:11
91,Richard Jenkins,Male,45,2025-07-09 07:39:13
92,Rita Adams,Female,40,2025-10-08 13:24:15
93,Janet Williams,Female,33,2025-02-04 13:58:39
94,Ruth Stevens,Female,56,2024-09-29 00:50:59
95,Shelby Walker,Female,60,2025-07-01 15:35:24
96,Erin Lin,Female,51,2025-09-27 15:31:59
97,Margaret Ross,Female,30,2025-11-21 06:39:49
98,Todd Wilson,Male,59,2024-08-25 21:05:02
99,Victor Baker,Male,36,2024-04-29 04:26:58
100,Gregory Hartman,Male,19,2025-01-08 22:39:04
101,Jorge Cruz,Male,30,2025-04-27 20:03:35
102,Amanda Graham,Female,18,2025-03-14 19:41:50
103,Joshua Ball,Male,36,2025-09-03 06:37:53
104,Christina Reynolds,Female,41,2025-07-04 21:58:03
105,Lisa Alvarado,Other,33,2024-05-11 18:51:50
106,Eric Parker,Male,20,2024-12-18 04:40:31
107,Michael Spencer,Male,29,2024-07-02 23:50:17
108,Teresa Byrd,Female,52,2026-01-06 05:11:41
109,Keith Sullivan,Male,36,2025-11-13 13:26:36
110,Dustin Jordan,Male,29,2025-04-30 11:22:46
111,Frank Ramos,Male,57,2025-07-13 18:17:03
112,John Santana,Male,47,2025-10-15 06:39:24
113,Mary Campbell,Other,41,2025-07-04 14:48:43
114,Frances Cardenas,Female,57,2025-09-10 09:54:34
115,Emily Drake,Female,45,2024-05-29 10:33:24
116,Danielle Alvarez,Female,25,2025-11-25 23:56:18
117,Joy Mercado,Female,32,2025-04-27 02:57:47
118,Michael Snyder,Male,24,2024-08-12 11:52:45
119,Melissa Stafford,Female,31,2025-12-04 07:27:15
120,Ashley Coleman,Female,51,2024-06-20 14:26:42
121,Melissa Marshall,Female,50,2025-04-12 22:28:36
122,Sarah Bryant,Female,32,2025-10-19 11:10:04
123,Joseph Hansen,Male,53,2024-10-08 10:32:32
124,Steven Salazar,Male,43,2025-08-16 15:55:05
125,Jeffery Meadows,Male,53,2025-01-16 08:06:42
126,Patrick Wells,Male,41,2024-08-24 07:21:37
127,Sara Ramirez,Female,39,2025-10-01 00:35:21
128,Lori Hill,Female,30,2024-04-05 04:04:26
129,David Rogers,Male,24,2025-12-29 14:54:23
130,Brenda Hall,Female,48,2025-07-27 23:50:30
131,Daniel Perry,Male,47,2024-10-18 23:45:21
132,Jason Clark,Male,21,2024-12-27 07:43:21
133,Randy Shah,Male,19,2024-02-20 03:46:54
134,Ralph James,Male,23,2024-02-09 13:35:26
135,Elizabeth Price,Other,25,2025-12-28 13:04:57
136,Jason Adkins,Male,56,2025-04-04 04:19:25
137,Stephanie Freeman,Female,26,2024-09-03 23:33:45
138,Alyssa Rogers,Female,59,2025-07-16 11:48:07
139,Nathaniel Pittman,Male,43,2026-01-19 05:10:40
140,Marcus Johnson,Other,54,2024-12-07 00:44:58
141,Mary Miller,Other,20,2025-01-02 21:36:03
142,Joel Williams,Male,40,2024-11-25 10:41:16
143,Jordan Rogers,Female,40,2025-12-19 05:21:27
144,Paul Decker,Male,54,2024-08-18 22:21:42
145,John Curry,Male,45,2024-03-16 10:37:32
146,Mr. Matthew Harrington DDS,Male,49,2025-09-12 19:36:20
147,Danielle Combs,Female,32,2025-06-01 14:12:57
148,Beth Caldwell,Female,51,2025-04-18 00:50:04
149,John Scott,Male,16,2024-11-17 12:23:03
150,Lawrence Adkins,Male,59,2024-05-03 22:43:37
151,Carla Collins,Other,23,2025-04-29 11:08:42
152,Eric Byrd,Male,59,2024-11-22 11:54:30
153,Miguel Jones,Male,50,2025-07-25 09:39:55
154,Dana Terry,Female,33,2024-09-26 05:35:18
155,Lindsay Martinez,Other,57,2025-04-19 13:25:37
156,Gregory Patterson,Male,37,2024-11-18 19:37:17
157,Maria Smith,Female,23,2024-12-27 06:08:31
158,Ashley Yu,Female,34,2025-06-12 15:50:41
159,Joe Hernandez,Male,43,2024-06-20 19:06:38
160,Tracie Nelson,Female,26,2025-10-24 17:36:18
161,Raymond Marshall,Male,45,2025-11-07 08:29:17
162,Debra Christian,Female,16,2025-11-11 05:37:41
163,Diana Hayes,Female,32,2025-09-09 21:34:17
164,Lisa Gray,Female,48,2024-02-27 06:41:11
165,Frederick Freeman,Male,27,2024-11-06 14:05:47
166,Gina Beard,Female,48,2025-08-02 14:41:31
167,Justin Black,Male,22,2024-07-02 09:13:46
168,Nathan Freeman,Male,56,2025-09-15 20:53:35
169,John Joseph,Male,35,2025-01-18 02:15:31
170,Anna Walker,Female,56,2025-07-26 07:31:37
171,Mary Wood,Female,48,2025-04-09 21:09:48
172,Jeffery Reese,Male,54,2024-10-18 22:04:35
173,Jordan Parker,Female,28,2024-08-02 01:13:13
174,Corey Wilson,Male,25,2025-03-27 04:54:28
175,Melissa Lee,Female,39,2025-08-31 16:16:06
176,Nathaniel Bray,Male,26,2025-03-18 11:37:11
177,Veronica Wall,Female,50,2024-09-22 02:06:50
178,Christopher Smith,Male,49,2025-03-25 20:40:46
179,Angel Brown,Other,16,2024-09-18 21:30:05
180,Cameron Oneill,Male,54,2025-02-20 06:19:18
181,Adam Mitchell,Male,36,2025-02-10 19:33:33
182,Cody Williams,Male,47,2025-12-05 07:21:36
183,Rodney Morales,Other,17,2024-04-02 12:40:17
184,Melissa Hernandez,Female,23,2025-10-27 00:27:50
185,Eric Mcknight,Male,39,2024-05-06 23:46:36
186,Jennifer Carlson,Female,35,2025-05-30 07:50:00
187,Kelly Hayes,Female,31,2025-01-13 20:35:50
188,Leah Patterson,Female,19,2025-04-21 15:42:04
189,Lisa Singh,Female,31,2025-09-19 10:07:47
190,Daniel Guerrero,Male,52,2024-06-05 23:26:10
191,Juan Moore,Male,21,2024-12-18 06:59:57
192,Linda Carter,Female,21,2024-08-02 18:42:34
193,Douglas Heath,Other,47,2024-03-31 06:33:59
194,Tammy French,Female,20,2025-06-04 11:36:19
195,Robert Gonzalez,Male,50,2024-05-04 03:15:54
196,Matthew Kerr,Male,24,2025-11-08 01:12:05
197,Amy Sparks,Female,24,2025-05-12 04:06:16
198,Laura Roberts,Female,58,2024-05-11 13:47:59
199,Elizabeth Powell,Female,46,2024-09-03 10:42:59
200,Katherine Miller,Female,51,2024-03-06 22:44:18
201,Morgan Munoz,Female,26,2024-02-25 01:50:10
202,Vernon Huff,Male,32,2025-04-26 18:10:05
203,Alex Hubbard,Male,49,2025-11-04 00:04:53
204,Amanda Avila,Female,54,2025-02-04 10:27:02
205,Jessica Ramirez,Female,43,2025-05-04 15:00:53
206,Robert Costa,Male,29,2025-02-04 01:18:30
207,Gary Santiago,Male,50,2025-12-02 04:59:00
208,Jennifer Simpson,Female,60,2025-07-03 15:07:55
209,Robert Pierce,Male,28,2025-01-23 06:14:57
210,David Wilson,Male,35,2025-09-27 01:01:00
211,Kayla Travis,Female,41,2025-06-29 19:21:28
212,Julia Brown,Female,58,2025-03-13 16:05:25
213,Nicole Garrett,Female,57,2025-09-17 06:55:48
214,Derek Anderson,Male,39,2024-09-15 16:55:55
215,Melissa Martinez,Female,44,2025-06-08 08:08:46
216,David Moore,Male,49,2025-04-07 20:03:47
217,Jason Walker,Male,44,2025-11-19 12:37:06
218,Julia Wilson,Female,23,2025-11-12 07:57:10
219,Tara Carter,Female,31,2025-08-05 21:30:20
220,Sandra Baird,Female,30,2024-08-12 07:09:11
221,Brianna Lee,Female,20,2025-05-15 12:53:16
222,Sherry Shields,Female,37,2024-09-06 13:18:16
223,Scott Morgan,Male,17,2025-10-08 19:47:47
224,Robert Campbell,Male,53,2024-09-23 21:09:50
225,Kevin Keller,Male,51,2025-12-08 01:18:22
226,Joshua Reed,Male,30,2025-04-08 16:09:57
227,Jamie Cantu,Other,53,2025-12-11 10:13:48
228,Michael Armstrong,Male,30,2024-08-04 09:35:57
229,Jennifer Flores,Female,16,2025-02-06 08:35:45
230,Roberta Hughes,Female,20,2025-07-04 11:44:10
231,Marissa Hernandez,Female,56,2024-03-04 17:46:31
232,Traci Rivera,Female,19,2024-04-22 22:36:41
233,Jessica Fox,Female,30,2025-01-24 21:26:11
234,Brianna Pitts,Female,20,2024-06-03 21:10:53
235,Richard Baker,Male,18,2025-06-03 02:04:37
236,Marie Christian,Female,37,2025-11-28 00:28:25
237,Joseph Finley,Male,20,2025-06-05 20:03:47
238,Peter Brennan,Male,48,2024-03-03 20:53:14
239,Cynthia Cohen,Female,31,2024-09-15 04:48:45
240,Dr. Jeffrey Garcia DDS,Male,33,2025-12-13 17:44:08
241,Christopher Evans,Other,58,2024-02-27 11:17:44
242,Robert Carter,Other,47,2024-11-22 03:13:26
243,David Jenkins,Other,29,2025-07-18 13:21:35
244,Christopher Miller,Male,50,2025-12-12 09:18:23
245,Michael Jimenez,Male,24,2025-05-02 22:30:59
246,Joel King,Other,52,2024-08-21 07:18:52
247,Steven Marshall,Male,52,2024-09-15 09:31:21
248,Brooke Alexander,Other,46,2024-10-30 09:29:23
249,Elizabeth Hayden DDS,Other,31,2025-01-24 19:42:59
250,Christina Cruz,Female,46,2025-02-14 07:19:51
251,James Howard,Male,42,2024-09-21 19:08:26
252,Edward Spence DDS,Male,28,2024-09-05 04:21:53
253,Sharon Osborne,Female,22,2024-03-14 01:55:50
254,Patrick Wall,Male,22,2026-01-06 07:36:23
255,Robert Lawson,Male,58,2024-11-04 15:25:06
256,Cheryl King,Female,43,2025-09-13 20:39:42
257,Mary Massey,Other,38,2025-06-06 23:04:23
258,Lori Williams,Female,43,2025-10-09 12:26:40
259,Lauren Oconnor,Female,42,2024-04-14 23:53:15
260,Gabriel Perry,Male,45,2024-07-09 22:45:57
261,Kimberly Mata,Female,19,2025-03-23 07:29:06
262,Denise Martin,Other,59,2026-01-14 22:47:13
263,John Drake,Male,57,2025-09-06 20:33:16
264,Regina Mcdonald,Female,57,2024-04-03 11:21:41
265,Tracy Dalton,Female,22,2025-08-20 12:03:27
266,Jennifer Singleton,Female,19,2025-04-12 20:44:23
267,Rachel Smith,Female,41,2025-03-27 18:06:45
268,Isabella Curry,Female,37,2024-08-26 14:43:21
269,Rodney Bentley,Male,22,2024-04-29 03:23:50
270,John Harvey,Male,31,2025-04-16 01:04:18
271,Lisa Holland,Female,28,2025-06-12 12:28:02
272,Susan Turner,Female,28,2024-12-18 02:51:58
273,Amber Johnson,Female,50,2025-02-21 14:52:05
274,David Medina,Other,44,2024-12-02 20:33:47
275,Meagan Paul,Female,24,2025-03-30 13:35:51
276,Natalie Moore,Female,43,2024-12-23 05:41:16
277,Sandra Gilbert,Female,27,2026-02-03 08:53:51
278,Amanda Wood,Female,33,2025-01-14 08:56:22
279,Cynthia Cox,Female,45,2025-07-21 13:41:10
280,Stephanie Newman,Female,31,2024-03-23 00:24:54
281,Cheryl Martinez,Female,20,2025-11-24 16:09:50
282,Brandon Lewis,Male,44,2025-06-15 16:41:30
283,Alex Buchanan,Male,51,2024-08-12 04:07:58
284,Richard Harris PhD,Male,22,2025-04-10 10:51:42
285,Cindy Kane,Female,19,2024-10-17 04:28:25
286,Richard Carlson,Male,57,2024-09-07 08:27:26
287,Brianna Anderson,Female,50,2024-08-17 16:12:45
288,Ashley Delacruz,Female,16,2024-05-17 08:40:12
289,Richard Young,Male,21,2024-10-13 11:13:02
290,Deborah Martinez,Female,31,2024-12-27 22:57:11
291,Patrick Alvarez,Male,26,2025-10-01 06:58:06
292,Kevin Hayes,Male,42,2024-07-26 01:39:59
293,Amanda Logan,Female,47,2025-12-09 09:22:30
294,Eric Schneider,Male,46,2024-02-29 04:22:11
295,John Morales,Male,29,2025-07-21 21:27:50
296,Michelle Wallace,Female,41,2026-01-03 11:13:38
297,Lisa Jones,Female,19,2024-09-05 14:20:58
298,Kevin Joseph,Male,26,2024-11-26 20:15:08
299,Kerry Chavez DDS,Female,40,2024-04-22 00:30:00
300,Brian Pena,Male,16,2025-12-17 17:18:33
301,Nathan Lewis,Male,40,2025-01-20 17:16:24
302,Jennifer Wilcox,Female,32,2024-12-10 16:32:56
303,Anna Simmons,Female,45,2025-07-05 14:11:20
304,Tiffany Mcdaniel,Female,34,2025-02-07 08:40:26
305,Sandra Davis,Female,43,2024-04-19 23:46:16
306,Jacqueline Anderson,Other,60,2024-03-22 13:48:22
307,Kristina Rivera,Female,51,2024-05-09 22:14:09
308,Shane Pugh,Male,58,2024-12-29 11:47:38
309,Michelle Schmitt,Female,47,2025-05-16 08:08:06
310,Brian Romero,Male,25,2024-06-04 04:03:33
311,Danny Rodriguez,Male,28,2025-11-22 14:34:56
312,Brian Ramirez,Male,34,2024-07-29 15:35:26
313,Ryan Villegas,Male,29,2025-11-01 16:15:43
314,Megan Hawkins,Other,19,2025-05-23 00:10:03
315,Sandra Adams,Female,53,2024-06-24 02:52:44
316,Pamela Dorsey,Female,50,2024-11-03 15:13:50
317,Sergio Knight,Male,19,2024-12-12 06:50:29
318,Patrick Bonilla,Male,36,2024-04-16 06:10:00
319,Daniel Barnes,Male,19,2024-10-26 18:26:29
320,Eric Nguyen,Male,19,2025-04-20 20:23:25
321,Sophia Moore,Female,53,2025-09-12 23:23:01
322,Megan Nelson,Female,46,2025-07-03 03:06:40
323,Lisa Perry,Female,48,2024-07-21 10:10:35
324,Brian Jordan,Male,49,2024-09-11 23:46:35
325,Leslie Rose,Other,26,2024-10-01 13:02:02
326,Jennifer Greene,Female,19,2024-02-10 22:58:38
327,Theresa Saunders,Female,48,2025-09-20 12:40:16
328,Erin Smith,Female,21,2025-09-07 05:01:56
329,Carl Patel,Male,27,2024-08-01 17:15:15
330,Roy Drake,Male,20,2024-03-31 23:15:51
331,Patrick Graham,Male,54,2025-01-27 02:07:12
332,Shannon Johnston,Female,20,2025-04-25 08:37:28
333,Mark Roberts,Male,59,2024-12-15 14:01:45
334,Frederick Solis,Male,31,2025-05-30 02:22:11
335,Michael Cox,Male,41,2025-01-09 04:34:38
336,David Chapman,Male,23,2025-03-17 23:02:58
337,Sheila Reese,Female,52,2024-07-26 02:04:56
338,Carol Dixon,Female,31,2024-05-03 13:17:25
339,Cheyenne Parsons,Female,53,2024-11-03 16:39:11
340,Robert Briggs,Male,54,2024-08-06 12:03:01
341,Dawn Thompson,Female,18,2024-06-02 17:22:44
342,Mary Thompson,Female,55,2025-09-27 06:36:44
343,John Elliott,Male,21,2025-04-30 01:44:52
344,Thomas Cunningham,Male,42,2025-06-12 10:29:55
345,Frank Maddox MD,Male,58,2025-01-11 13:27:10
346,Jessica Turner,Female,53,2024-09-05 07:58:04
347,Heather Jones,Female,52,2025-01-28 15:11:00
348,Anthony Decker,Male,49,2024-04-04 14:02:57
349,William Davis,Male,36,2025-05-11 10:07:48
350,Julie Spencer,Female,32,2025-10-12 00:13:59
351,Amanda Stout,Female,29,2025-04-24 00:07:57
352,Erica Alvarez,Female,58,2024-06-01 03:56:02
353,Joanna Shepherd,Female,36,2025-11-16 09:31:18
354,Miguel Wagner,Male,31,2024-06-18 00:24:39
355,Michael Ritter,Male,32,2025-03-18 01:01:32
356,Caitlin Watson,Female,41,2024-09-11 17:11:53
357,Raymond Shelton,Male,24,2024-03-16 15:50:37
358,Maria Jones,Female,58,2024-04-18 09:23:53
359,Jasmine King,Other,57,2025-11-27 10:01:31
360,Susan Marks,Female,35,2024-10-20 21:59:54
361,Matthew Rangel,Male,45,2024-10-02 22:49:06
362,Miss Jenna Larson,Female,36,2026-02-02 13:18:29
363,Kristin Schneider,Female,20,2024-10-17 02:55:35
364,Meagan Calderon,Female,16,2025-08-31 19:26:15
365,Susan Davis DDS,Other,45,2025-03-05 22:35:31
366,Jack White,Male,55,2024-07-20 08:31:13
367,Ralph Lee,Other,52,2024-05-21 20:05:01
368,Edward French,Other,22,2025-03-05 07:42:06
369,Russell Stephenson,Male,20,2024-03-05 07:20:38
370,Shawn Williamson,Male,50,2025-05-13 21:09:37
371,Christopher Guerra,Male,29,2025-09-25 21:59:05
372,Steven Griffith,Male,48,2024-03-09 22:09:56
373,Michael Young,Male,32,2025-01-15 00:08:37
374,Nicole Bowers,Female,24,2024-08-04 17:48:38
375,Eric Stokes,Male,38,2025-02-03 06:45:51
376,Cory Gregory,Male,20,2025-04-23 01:04:04
377,Julia Campbell MD,Female,31,2025-03-20 16:14:34
378,Christopher Gonzalez,Male,39,2025-05-19 15:25:24
379,Danielle Davidson,Female,34,2025-12-14 22:24:02
380,Timothy Dawson,Male,26,2025-03-11 16:55:39
381,Dustin Hines,Male,44,2024-09-03 20:52:41
382,Kayla Guerra,Female,50,2024-04-16 05:20:40
383,Courtney Hayes,Female,35,2024-11-02 12:25:04
384,Jennifer Sanders,Female,55,2024-11-21 10:49:37
385,Wendy Brooks,Female,57,2024-02-26 21:08:01
386,Annette Espinoza,Female,49,2024-10-22 09:56:41
387,Chad Mitchell,Male,16,2025-11-10 11:33:24
388,Ronald Blake,Male,58,2025-02-03 08:31:34
389,Abigail Miller,Female,51,2024-08-21 18:26:51
390,Brittany Bentley,Female,35,2025-05-22 22:01:38
391,Ashley Roberts,Other,58,2024-09-25 21:32:41
392,David Fowler,Male,22,2025-06-02 17:42:36
393,Brian Stein,Male,24,2025-05-13 11:42:06
394,Lynn Andrews,Female,32,2025-08-16 02:19:00
395,Jeffrey Mendez,Male,23,2024-08-09 20:07:19
396,Chelsea Barnett,Other,22,2025-03-17 14:08:20
397,Mrs. Kelly Romero,Female,51,2025-03-05 06:27:02
398,James Harrison,Male,25,2025-06-12 17:26:31
399,Jacqueline Burgess,Female,33,2024-11-08 08:23:31
400,Haley Quinn,Female,34,2025-06-06 23:14:18
401,Kevin Sherman,Male,54,2024-05-18 14:36:53
402,Joshua Li,Other,29,2024-06-19 23:34:39
403,Melinda Pollard,Female,37,2025-02-10 16:08:50
404,Robin Brown,Female,29,2025-09-29 20:55:02
405,Andrew Harris,Male,59,2025-10-11 11:01:27
406,Amanda Mahoney,Female,56,2025-03-11 07:07:34
407,Robert Kennedy,Male,32,2024-03-04 10:20:25
408,Corey Kelly,Male,48,2025-10-03 11:37:17
409,Matthew Nelson,Other,47,2025-10-17 20:30:08
410,Steve Paul,Male,32,2025-12-30 20:55:52
411,Gerald Lopez,Male,19,2025-07-26 12:46:17
412,Tim Stone PhD,Other,21,2025-08-22 17:27:28
413,Jeffrey Carney,Other,56,2024-06-24 03:37:56
414,Erica Miller,Female,43,2025-07-02 08:06:25
415,Jill Robbins,Female,33,2024-06-13 10:09:48
416,Gregory Williams,Male,18,2025-12-11 18:20:53
417,Lucas Graham,Male,16,2025-06-15 16:15:05
418,Travis Jones DDS,Male,37,2024-11-13 04:17:24
419,Nicole Moore,Female,24,2024-02-29 04:10:58
420,Lisa Harrington,Female,56,2024-03-03 00:22:46
421,Cynthia Brewer,Female,32,2024-11-12 06:39:21
422,Latoya Jacobs,Female,26,2025-07-16 10:18:50
423,Jacob Wallace,Male,44,2024-04-04 16:55:40
424,Kendra Sanders,Female,51,2025-06-23 12:22:10
425,Tyler Johnson,Male,43,2024-06-28 11:52:00
426,Jasmine Hoffman,Female,51,2024-08-26 07:33:02
427,Michael Lewis,Male,16,2025-05-25 05:53:49
428,Sydney Henry,Female,23,2024-05-10 05:48:25
429,Benjamin Thompson,Male,20,2025-08-12 01:51:30
430,Brandon Fleming,Male,60,2025-11-22 17:20:15
431,Michael Mckinney MD,Male,25,2024-09-17 12:25:29
432,Sarah Joseph,Female,50,2026-01-25 06:15:37
433,Carrie Ward,Female,18,2024-07-28 03:50:47
434,Curtis Taylor,Male,39,2025-10-10 21:18:05
435,Isaac Armstrong,Male,53,2025-02-02 00:45:21
436,Kristen Salazar,Female,51,2024-04-11 22:51:10
437,James Love,Male,25,2025-02-10 18:38:38
438,Patricia Morrow,Female,43,2024-04-02 06:29:33
439,Emily Jones,Female,24,2025-01-31 19:26:23
440,Gregory Humphrey,Male,18,2025-10-03 00:50:05
441,Kevin Saunders,Male,35,2024-05-15 05:01:42
442,Thomas Brown,Other,39,2024-05-11 10:12:38
443,Eric Martin,Male,18,2026-01-31 00:27:21
444,Gregory Everett,Male,38,2025-12-31 02:18:28
445,Angela Gonzalez,Female,29,2025-04-07 20:06:28
446,Mario Mendez,Other,59,2024-04-17 13:18:41
447,Caroline David,Other,31,2024-06-03 18:04:09
448,Lori Winters,Female,58,2024-10-24 05:21:53
449,Justin Bryan,Male,22,2024-02-27 00:35:59
450,Travis Wise,Male,38,2024-08-28 13:13:24
451,Pamela Butler,Female,51,2025-06-15 07:20:20
452,Stacy Gardner,Female,42,2025-06-17 13:41:55
453,John Ballard,Male,55,2025-07-21 00:50:04
454,Jesse Barker,Other,25,2024-06-06 18:30:46
455,John Harris,Male,31,2025-05-21 04:38:48
456,Shannon Flores,Female,26,2025-12-04 13:43:58
457,James Hodges,Male,27,2025-03-10 23:36:18
458,Emma Owens,Female,42,2024-08-30 17:42:47
459,Charles Williams,Male,17,2024-11-29 08:45:05
460,Jason Estes,Male,27,2026-01-05 19:58:21
461,Garrett Lane,Male,37,2024-10-04 21:06:30
462,Caitlin Ferrell,Female,42,2025-02-01 13:44:39
463,Elizabeth Johnson,Female,58,2024-12-06 10:14:43
464,Tracy Lewis,Female,31,2024-11-05 02:07:15
465,Douglas Harper,Other,33,2025-11-20 15:32:09
466,John Herrera,Male,26,2025-11-24 00:07:02
467,Cesar Baker,Male,60,2024-11-15 02:16:08
468,Holly Morales,Female,22,2025-04-22 22:30:00
469,Jack Roberts,Male,40,2024-12-01 01:44:37
470,Pamela Ramirez,Other,18,2025-06-03 01:44:41
471,Bryan Hester,Male,46,2024-12-06 22:34:37
472,William Grant,Other,30,2024-11-14 23:04:35
473,Curtis Hicks,Male,28,2025-02-27 09:48:27
474,Amanda Reeves,Female,45,2025-10-21 10:41:22
475,Joyce Obrien,Female,38,2025-03-11 09:24:11
476,Timothy Flores,Other,35,2024-12-06 04:53:02
477,Patrick Evans MD,Male,30,2025-11-09 08:06:46
478,Katherine Hart,Female,30,2025-02-07 20:19:09
479,Isabella Nunez,Other,17,2024-12-24 12:33:11
480,Rebecca Swanson,Female,58,2025-07-23 09:44:34
481,Linda Baker,Female,28,2025-06-28 04:46:52
482,Paula Lane,Female,41,2025-08-18 07:33:09
483,Karen Warren,Female,37,2025-08-18 03:30:07
484,Sarah Hernandez,Female,33,2025-07-17 17:20:55
485,Laura Graves,Female,20,2024-07-02 04:09:26
486,Erik Hernandez,Other,33,2025-07-25 07:32:15
487,Jonathan Carr,Male,38,2025-02-05 07:02:33
488,Noah Brown,Male,57,2024-05-22 05:43:25
489,Kristina Bolton,Other,48,2025-02-10 13:09:40
490,Emily Thompson,Female,41,2026-01-13 10:54:23
491,Kimberly Lowe,Female,59,2025-12-09 21:55:48
492,Maria Steele,Female,50,2025-05-23 20:19:53
493,Tyler Ramirez,Male,37,2024-09-23 20:06:26
494,William Evans,Male,17,2024-09-16 11:06:26
495,Melissa Burns,Female,23,2025-02-11 15:51:49
496,Timothy Pope,Male,32,2024-09-04 09:17:51
497,Laura Daniels,Female,27,2025-12-31 17:51:53
498,Robert Blevins PhD,Male,53,2024-09-17 14:06:34
499,Tyler Miller,Other,32,2026-01-22 16:28:03
500,David Mendoza,Other,18,2024-07-10 22:30:01
501,Denise Hoffman,Female,22,2024-09-02 23:04:15
502,Lisa Matthews,Female,54,2024-08-11 07:25:30
503,Taylor Perez,Male,43,2024-08-03 20:04:04
504,Jennifer Love,Female,38,2024-04-23 01:58:21
505,Brenda Oconnell,Female,36,2026-01-26 15:21:11
506,Matthew Gilmore,Male,43,2025-02-08 11:21:49
507,Curtis Maynard,Other,54,2024-10-11 10:40:46
508,Amy Mack,Female,48,2025-06-25 15:24:33
509,Kimberly Sharp,Other,23,2026-02-01 12:27:45
510,Tammy Butler,Female,40,2025-11-16 13:45:59
511,Tamara Osborn,Female,52,2024-12-09 08:11:41
512,Cody Curry,Male,28,2025-12-13 12:21:23
513,Sherri Smith,Other,32,2025-04-21 03:15:22
514,Tanya Rogers,Female,18,2025-01-22 21:21:37
515,Joshua Snyder DVM,Male,43,2025-11-27 00:34:59
516,Don Lamb,Male,16,2024-10-18 20:04:41
517,Jimmy Scott,Male,49,2024-06-28 14:40:55
518,Gabrielle Phillips,Female,50,2025-07-12 19:25:41
519,Casey Chase,Other,59,2026-01-01 17:46:07
520,Jeffrey Murphy,Male,58,2024-12-12 07:45:10
521,Cathy Taylor,Female,28,2024-10-13 08:03:07
522,Adam Reyes,Male,39,2025-01-16 23:26:00
523,Tiffany Turner,Other,43,2025-08-19 11:11:12
524,Deborah Ward,Female,20,2024-08-06 12:40:44
525,Bailey Parker,Female,58,2024-12-15 21:11:35
526,Tammy Barron,Female,37,2025-09-24 22:33:25
527,Bruce Hendricks,Male,55,2024-09-21 03:34:45
528,Daniel Bernard,Male,36,2025-02-10 09:38:11
529,Paul Obrien,Male,58,2024-12-23 23:36:13
530,Susan Todd,Female,23,2025-10-19 21:56:59
531,Colleen Wright,Female,35,2025-09-13 05:02:40
532,Rachel Fox,Other,48,2025-03-21 05:32:25
533,Angela Elliott,Other,35,2024-03-23 22:55:59
534,Stephanie Harris,Female,58,2025-03-27 19:45:00
535,Erin Meyer,Female,42,2024-05-05 06:33:02
536,Michelle Burns,Other,36,2026-01-03 04:11:30
537,Rhonda Chavez,Female,41,2025-03-09 15:18:46
538,Justin Hansen,Male,60,2025-07-11 12:58:43
539,Miranda Foster,Female,34,2025-10-31 03:28:15
540,Daniel Jones,Male,51,2024-12-30 01:58:17
541,Arthur Mcknight,Other,24,2026-01-30 21:33:56
542,Victoria Kennedy,Female,28,2024-09-14 23:26:18
543,Randy Cannon,Male,42,2025-08-24 10:37:16
544,Jennifer Haney,Female,58,2024-11-28 01:36:59
545,Sylvia Bennett,Female,40,2024-04-07 07:38:52
546,Matthew Ryan,Male,59,2025-06-26 14:26:17
547,Bryan Haney,Male,27,2024-12-06 06:49:25
548,Monica Walker,Female,55,2024-02-07 16:25:35
549,Veronica Ford,Female,52,2025-08-16 12:33:46
550,Kim Morrow,Female,35,2024-08-15 05:38:18
551,Brittney Lopez,Female,41,2025-12-15 18:44:33
552,Ashley Pacheco,Female,51,2024-12-26 14:53:27
553,Taylor Small,Female,16,2024-08-09 22:01:28
554,Ashlee Johnson,Female,35,2025-05-14 07:11:52
555,Shelby Sanchez,Female,34,2024-03-10 08:18:43
556,David Robinson,Male,29,2025-12-06 20:46:42
557,Charles Holder,Male,43,2024-08-04 20:46:00
558,Nicholas Flores,Male,53,2025-05-14 09:40:22
559,Sabrina Young,Female,54,2025-12-16 14:19:07
560,Mary Walker,Female,57,2024-09-25 09:25:24
561,Kristin Vargas,Female,36,2025-08-29 01:01:36
562,Mark Simmons,Male,45,2025-02-23 22:43:15
563,Gregory Schneider,Male,44,2024-11-27 00:55:01
564,Fernando Butler,Male,44,2024-05-30 21:17:51
565,Clinton Medina,Male,59,2024-08-10 03:39:08
566,Elizabeth Zimmerman,Female,29,2025-10-22 20:26:09
567,Anthony Gutierrez,Male,48,2024-12-24 11:56:56
568,Cesar Sanchez,Male,46,2024-07-11 22:09:04
569,Bob Cole,Other,26,2024-11-19 05:03:56
570,Nathaniel Lee,Male,58,2024-08-31 12:09:59
571,Lisa Williams,Female,21,2024-04-01 12:28:40
572,Pamela Ramsey,Female,34,2025-04-14 01:24:27
573,Daniel Meadows,Male,48,2024-09-27 11:30:50
574,Alexis Giles,Female,58,2025-09-02 21:46:45
575,Yvonne Mendoza,Female,56,2024-08-11 09:56:39
576,Michele Sanders,Other,55,2024-08-08 21:07:55
577,Reginald James,Male,37,2025-03-25 11:38:20
578,Elizabeth Ward,Other,21,2025-12-21 16:29:14
579,Annette Zavala,Female,31,2025-02-03 15:36:55
580,Francisco Harris,Male,59,2024-10-05 00:58:08
581,Kristine Walker,Female,35,2024-05-28 07:52:34
582,Juan Silva,Other,30,2025-08-17 05:40:30
583,Brittany Rivera,Female,28,2024-11-26 00:24:22
584,David Pierce,Male,25,2025-07-20 22:08:45
585,Pamela Burns,Female,17,2025-08-19 23:46:38
586,John Jackson,Male,18,2025-10-14 11:05:50
587,Charles Payne,Male,31,2024-06-26 22:34:43
588,Joshua May,Male,46,2024-03-21 14:31:28
589,Ryan Jones,Male,55,2025-11-01 08:13:43
590,Phillip Gutierrez,Male,20,2025-11-20 09:51:05
591,Barry Hernandez,Male,45,2024-07-23 20:54:35
592,Jacqueline Williamson,Female,42,2025-07-06 20:53:19
593,Thomas Hopkins,Male,56,2024-02-17 04:56:28
594,Juan Smith,Male,52,2025-03-22 04:44:23
595,Kimberly Mitchell,Female,28,2025-03-01 01:39:54
596,Megan Drake,Female,60,2026-01-11 15:05:04
597,Tamara Warren,Female,40,2024-08-10 03:39:51
598,Joseph Ochoa,Male,47,2024-08-30 14:58:26
599,Bob Chung,Male,41,2025-01-26 12:01:04
600,William Perez,Male,31,2025-07-20 07:08:23
601,Bobby Frey,Male,25,2025-06-23 18:35:25
602,Brandon Gray,Male,57,2025-04-09 06:46:52
603,Mark Warner,Male,60,2024-04-09 05:03:38
604,Jeffrey Mueller,Male,16,2025-04-19 12:00:42
605,William Jacobson DVM,Male,22,2024-08-01 10:50:15
606,Shawna Clay,Female,43,2025-02-08 07:38:51
607,Thomas Cohen,Male,30,2024-09-09 18:12:41
608,Justin Johnson,Male,27,2026-01-26 09:08:22
609,Alexis Clark,Female,60,2024-05-26 23:36:18
610,Michelle Sanders,Female,49,2024-04-04 17:53:54
611,Justin Knight,Male,45,2025-11-25 18:26:03
612,Stephanie Rivera,Female,19,2025-09-13 21:15:26
613,Rachel Norris,Female,51,2024-04-05 21:40:40
614,William Brown,Male,31,2025-01-09 11:35:43
615,Angela Jacobs,Female,23,2025-05-26 18:57:25
616,Jennifer Ayala,Other,45,2024-02-27 23:56:31
617,Richard Hayes,Male,24,2024-07-31 04:29:15
618,Todd Reynolds,Male,45,2025-07-16 22:06:36
619,Jamie Barton,Female,58,2024-09-21 09:57:08
620,Michelle Miller,Female,49,2024-06-03 18:34:00
621,Richard Moore,Male,51,2024-12-03 14:45:35
622,Brian Smith,Male,54,2024-10-01 10:12:05
623,Philip Garcia,Male,36,2024-04-12 19:01:05
624,Joann Peters,Female,44,2024-12-17 22:10:28
625,Ann Spencer,Female,55,2025-05-13 15:09:35
626,Frederick Cruz,Male,48,2024-09-18 16:06:31
627,Peggy Hardy,Female,43,2025-04-14 14:11:48
628,Vanessa Armstrong,Female,51,2024-06-15 16:56:04
629,Christopher Adams,Male,44,2024-08-31 11:08:42
630,Arthur Hamilton,Male,26,2024-12-28 01:35:46
631,Rachel Ward,Female,46,2024-08-14 12:27:06
632,Kathleen Jensen,Female,44,2025-01-25 14:50:21
633,Elizabeth Rush,Female,32,2024-10-20 00:39:26
634,Jamie Atkins,Female,31,2025-01-11 22:01:47
635,Robert Villarreal,Male,56,2025-05-11 15:58:00
636,Frank Valentine,Male,33,2024-07-09 23:49:22
637,Cassandra Sanders,Female,49,2024-10-09 20:50:13
638,Michael Henry,Male,47,2025-04-27 06:50:51
639,Gabriel Ramirez,Male,56,2025-10-07 09:17:37
640,Brian Elliott,Male,31,2025-05-09 23:35:30
641,Mr. Randall Johnson DDS,Male,33,2025-08-08 04:35:55
642,Robert Guerra,Male,44,2024-03-29 16:53:26
643,Robert Ortiz,Male,20,2025-02-26 19:21:58
644,Eric King,Male,34,2024-06-03 17:07:04
645,Richard Jones,Male,31,2025-05-14 09:58:28
646,Jennifer Hunter,Female,33,2026-01-19 21:02:00
647,Jennifer Johnson,Female,37,2024-11-10 05:47:42
648,Robin Wheeler,Female,36,2026-01-15 05:21:16
649,Patricia Sandoval,Female,50,2024-11-06 17:31:25
650,Lisa Hart,Female,21,2025-06-19 23:55:58
651,James Goodwin,Male,24,2025-10-15 10:30:09
652,Alexandra Green,Female,25,2025-03-07 15:22:29
653,Kristin Watts,Female,30,2024-07-25 16:00:35
654,Jeanne Barton,Female,40,2025-05-07 03:47:30
655,Chris Cuevas,Male,60,2025-02-13 23:11:06
656,Jason Nixon,Male,25,2024-05-05 03:22:08
657,Nicholas Bailey,Male,29,2024-10-28 10:54:22
658,Daniel Webb,Male,20,2025-02-08 19:59:33
659,Miranda Chavez,Female,42,2024-03-28 03:54:00
660,Rhonda Wilson,Female,42,2025-11-25 13:32:32
661,Brian Marsh,Male,37,2026-01-27 06:41:25
662,Mrs. Carrie Moore,Other,50,2025-04-14 20:01:14
663,Julia Salinas,Female,45,2025-06-08 03:15:46
664,Martin Reynolds,Male,42,2024-02-27 15:51:47
665,Stephen Cole,Male,19,2025-01-03 15:07:30
666,Michael Harris,Male,29,2025-09-11 08:02:36
667,Robert Ray,Male,42,2025-10-17 23:29:01
668,Cody Nguyen,Male,40,2025-01-25 09:02:16
669,Michael Burns,Male,53,2025-06-15 09:31:38
670,James Long,Male,60,2024-05-03 17:07:11
671,Ryan Williamson,Male,17,2025-10-29 00:51:36
672,Rebecca Sellers,Female,52,2025-05-08 09:12:55
673,Cesar Wilson,Male,40,2024-09-29 04:22:32
674,Jacqueline Thomas,Female,46,2024-12-02 17:09:35
675,Chad Reyes,Male,16,2024-06-28 06:22:46
676,Mr. Thomas Arias,Other,38,2024-06-18 13:00:37
677,John Taylor,Male,35,2024-10-06 07:52:34
678,Manuel Glenn,Male,40,2024-02-12 10:19:40
679,Mr. James Hoffman,Other,42,2025-06-26 05:46:56
680,Melinda Perry,Female,50,2025-11-18 08:23:51
681,Carol Cunningham,Female,50,2025-10-15 03:58:29
682,Edgar Hill,Male,54,2025-03-28 13:25:50
683,Richard Cunningham,Male,30,2025-09-27 01:00:41
684,Krista Wilson,Female,47,2024-05-03 16:38:45
685,Joshua Ritter,Other,30,2025-04-01 00:06:02
686,Amanda Ball,Female,33,2025-04-04 08:26:34
687,Jessica Fitzgerald,Female,43,2025-06-26 17:00:12
688,Edward Kidd,Male,47,2025-01-19 07:17:53
689,Shannon Miller,Female,17,2025-12-08 01:51:47
690,Reginald Young PhD,Male,40,2025-05-06 15:22:31
691,Scott Bishop,Male,37,2025-01-02 13:17:32
692,Charles Clark,Male,58,2024-07-14 17:22:17
693,Laura Patel,Female,59,2025-05-13 13:54:48
694,Franklin Padilla,Male,41,2024-09-16 17:14:32
695,Tristan Robertson,Male,26,2026-01-04 03:47:25
696,Anna Estes,Female,45,2025-10-07 06:01:20
697,Anthony Ramirez,Male,24,2025-06-28 10:28:21
698,Sharon Wright,Female,55,2025-08-10 13:02:27
699,David Bridges,Male,50,2024-12-06 00:09:08
700,Laura Adams,Female,17,2024-12-22 17:23:42
701,Angela Norton,Female,41,2025-09-24 04:43:14
702,Jose Ramirez,Male,53,2026-02-01 06:14:59
703,Jesse Freeman,Male,52,2025-05-02 00:07:02
704,Raymond Oconnor,Male,58,2025-08-25 17:14:18
705,Mr. Michael Horn,Male,17,2025-10-15 00:11:28
706,Claudia Jordan,Other,21,2024-07-18 12:52:38
707,Frank Campbell,Male,57,2025-04-05 02:17:15
708,Kylie Washington,Female,43,2024-10-28 23:27:02
709,Philip Williams,Male,24,2025-06-05 08:30:43
710,Julia Martinez,Female,45,2025-12-02 03:27:51
711,Joyce Braun,Female,27,2025-01-02 06:26:12
712,Melissa Anderson,Female,19,2025-06-23 20:30:20
713,Shelly Mcdowell,Female,32,2024-04-17 11:39:47
714,David Watson,Male,40,2026-01-06 23:44:16
715,Anthony Garrett,Male,36,2025-08-21 21:05:01
716,Cynthia Rios,Other,29,2025-08-04 13:33:43
717,Cindy Miller,Female,45,2025-05-11 02:40:03
718,Michael Smith,Other,36,2025-07-29 06:32:58
719,Bryan Dalton,Male,37,2025-07-28 01:21:19
720,Andrea Reyes,Female,40,2025-08-25 14:05:47
721,Ashley Richardson,Other,33,2024-09-24 10:12:12
722,Raymond Mullins,Male,42,2024-05-18 09:42:19
723,Michael Jones,Male,32,2025-04-17 12:11:20
724,Marie Alexander,Female,21,2025-08-19 02:47:19
725,Nicole Gillespie,Female,46,2025-05-28 12:10:08
726,Shannon Miller,Female,17,2024-04-23 00:29:06
727,Bryce Blair,Male,50,2024-11-04 00:46:44
728,Mrs. Brenda Hill,Female,19,2024-04-10 10:11:22
729,Kyle Griffith,Male,38,2024-09-13 06:59:18
730,Michael Abbott,Male,30,2025-06-30 09:14:43
731,Daniel Lawson,Male,57,2024-06-30 12:18:20
732,Elizabeth Brown,Female,20,2026-01-02 09:58:58
733,Cynthia Cruz,Female,57,2024-08-10 05:46:09
734,Linda Rice,Female,18,2024-02-14 08:37:30
735,Timothy Anderson PhD,Male,17,2025-04-21 11:03:29
736,Kimberly Thompson,Female,31,2025-02-04 20:01:43
737,Randy Smith,Male,28,2024-03-28 10:34:41
738,Cindy Livingston,Female,17,2025-10-10 01:06:42
739,Dustin Marquez,Male,55,2025-09-22 19:38:47
740,Michael Miller,Male,25,2025-03-27 17:58:22
741,Brittany Miller,Female,31,2024-04-06 08:44:54
742,Dalton Morton,Male,24,2025-03-27 14:43:02
743,Laurie Hines,Female,46,2025-06-23 17:33:59
744,Andrea Hale,Female,58,2025-08-24 23:05:24
745,David Sanchez,Male,23,2026-01-23 03:59:25
746,Jody Lynch,Female,52,2024-10-02 05:15:51
747,Matthew Thompson,Male,29,2024-02-14 19:46:18
748,Meredith Martin,Female,45,2024-10-31 06:43:54
749,Rachel Le,Other,60,2024-06-13 16:05:41
750,Nicole Marks,Female,32,2025-08-27 06:35:38
751,Raymond Johnson,Male,39,2025-10-23 21:15:37
752,Joseph Baker,Other,26,2025-04-27 21:14:45
753,Kathleen Dixon,Female,54,2024-03-19 01:08:22
754,Keith Richardson,Male,54,2024-08-21 03:23:17
755,Steven Craig,Male,23,2024-05-04 13:39:14
756,Katie Williams,Female,26,2025-12-06 05:49:58
757,Amber Cox,Female,35,2026-01-19 17:56:45
758,Tara Mathews,Female,22,2025-04-09 09:49:34
759,Michelle Rios,Female,53,2024-07-28 08:56:54
760,Jennifer Cortez,Female,17,2024-09-02 16:17:40
761,Kenneth Wilson,Male,35,2025-07-11 23:22:50
762,Christopher Brock,Male,52,2024-03-11 15:51:02
763,Benjamin Marshall,Male,59,2024-09-11 06:15:40
764,Emily Miller,Female,40,2025-01-24 18:02:44
765,Curtis Elliott,Male,41,2024-09-28 00:57:35
766,Dana Richardson,Female,28,2025-02-22 04:35:21
767,Dr. Morgan Payne PhD,Female,20,2024-05-31 22:26:25
768,Jennifer Hall,Female,53,2024-10-31 01:29:07
769,Michael Smith,Male,60,2024-10-22 04:51:22
770,Mary Sweeney,Female,56,2025-08-22 19:57:02
771,Daniel Bird,Male,31,2024-12-27 01:36:51
772,Amy Shea,Female,22,2025-08-10 17:50:36
773,Andrew Hall,Male,60,2025-11-22 17:01:15
774,Michael Watson,Male,35,2025-09-07 21:32:06
775,Anna Anderson,Female,59,2025-11-02 20:53:45
776,Kevin Brown,Male,54,2025-07-03 12:31:46
777,Mr. Dean Edwards,Male,23,2025-10-18 23:59:14
778,Sandra Nguyen,Female,52,2025-01-21 15:41:52
779,Angela Harris,Female,18,2025-10-02 18:45:31
780,Ashley Garcia,Female,38,2025-01-19 04:12:40
781,Jennifer Herrera,Female,50,2025-09-25 07:47:51
782,Elizabeth Baker,Female,43,2024-05-08 03:01:49
783,Robert Torres,Male,58,2025-08-05 08:19:45
784,Andrew Huff,Male,39,2024-10-16 14:11:47
785,Michael Schmitt,Male,20,2024-12-08 18:12:42
786,Megan Green,Other,48,2024-06-19 00:48:33
787,Jennifer Chavez,Female,57,2025-09-08 00:52:21
788,Brandon Garcia,Male,37,2025-10-13 13:21:57
789,Alexandra Greer,Female,16,2024-07-26 15:25:51
790,Rodney Watson,Other,42,2025-06-08 13:16:39
791,Bradley Willis,Male,47,2026-01-17 13:47:16
792,Alison Brown,Female,22,2026-01-05 23:25:33
793,Rhonda Davis,Female,43,2025-11-24 02:02:18
794,Erin Williams,Female,39,2025-01-28 01:14:52
795,Thomas Hamilton,Male,56,2025-08-20 16:02:58
796,Alyssa Vega,Female,45,2024-06-18 05:02:22
797,Terry Hill,Other,25,2025-01-16 09:56:07
798,Amanda Harvey,Female,43,2024-08-13 21:26:24
799,Kathleen Andrade,Female,27,2025-02-11 01:27:48
800,Douglas Taylor,Other,49,2024-07-08 21:50:33
801,Rebecca Wright,Female,57,2025-10-20 01:10:35
802,Alejandro Reyes,Male,33,2025-08-12 01:52:22
803,Kimberly Washington,Female,55,2026-01-13 21:12:44
804,Erica Nelson,Female,50,2024-02-25 05:31:43
805,Daniel Huang,Male,46,2025-10-01 16:41:06
806,Rhonda Ruiz,Female,45,2024-11-08 14:42:42
807,Yvonne Dickson,Other,43,2024-04-22 18:19:08
808,David Ferguson,Other,53,2025-10-11 13:24:37
809,Amy Davies,Female,33,2024-07-24 09:48:29
810,William Price,Male,36,2026-01-31 09:11:01
811,Sarah Thompson,Other,31,2025-05-10 05:02:38
812,Nancy Howard,Female,21,2025-05-09 11:12:14
813,Michael Meza,Male,33,2025-04-17 18:03:58
814,Travis Copeland,Other,44,2025-10-26 10:39:08
815,Katherine Parker,Female,31,2025-02-19 22:04:38
816,Amy Guzman,Female,45,2024-02-20 11:09:51
817,April Hardin,Female,52,2024-07-10 11:14:52
818,Glen Thompson,Male,55,2025-10-20 05:57:19
819,Franklin Johnson,Male,58,2025-05-05 14:52:02
820,Charles Rodriguez,Male,40,2025-03-19 18:31:38
821,Toni Brooks,Female,37,2025-07-03 06:51:20
822,Brian Turner,Male,17,2024-05-20 23:19:23
823,Nicholas Kim DDS,Male,47,2025-02-17 09:44:46
824,Christopher Novak,Male,36,2025-07-27 16:34:57
825,Lisa Kelly,Female,27,2025-07-05 22:05:21
826,Casey Parker,Other,47,2025-07-23 18:13:15
827,Christopher Smith,Male,29,2025-08-03 06:03:56
828,James Gamble,Male,38,2025-04-20 18:19:30
829,Lindsey Mccall,Female,32,2025-05-24 20:39:01
830,Krystal Zuniga,Female,37,2024-05-24 05:27:43
831,Blake Reed,Male,33,2024-10-10 03:56:22
832,Stacey Davis,Female,54,2025-08-08 15:45:37
833,Nicholas Rogers,Male,60,2024-02-13 20:06:34
834,David Jones,Male,33,2024-08-22 08:07:49
835,Michelle Williams,Female,51,2025-01-10 08:41:42
836,Wayne Wilkerson,Male,16,2025-02-21 23:23:39
837,Heather Bennett,Other,49,2025-11-09 17:45:41
838,Sean Curtis,Male,28,2025-07-22 17:16:41
839,Jocelyn Lloyd,Female,21,2024-03-01 22:32:21
840,Emma Lynn,Female,31,2024-04-02 14:52:31
841,Stephen Martin,Male,42,2024-04-03 05:49:34
842,Stephanie Davis,Female,47,2025-05-11 09:12:41
843,Steven Bush MD,Male,51,2025-06-26 16:19:21
844,Steve Moore,Other,31,2024-04-23 15:15:43
845,William Ortiz,Male,60,2025-04-10 09:05:02
846,Nicholas Baker,Male,46,2024-09-10 15:39:00
847,Brendan Long,Male,57,2025-04-06 22:08:01
848,Brittany Ward,Other,47,2025-01-02 02:49:57
849,Samantha Weber,Female,44,2025-02-12 01:39:00
850,Allison Jackson,Female,17,2024-09-18 15:26:22
851,John Wilson DDS,Male,21,2025-02-04 18:43:14
852,Mary Davis,Female,34,2025-04-02 14:55:26
853,Jacob James,Male,30,2024-06-28 21:50:16
854,Deborah Marshall,Female,41,2024-07-29 17:08:29
855,Justin Hernandez,Male,60,2025-07-29 22:50:21
856,Brady Cooper,Male,31,2025-03-31 13:01:14
857,Peter Perez,Male,35,2024-03-23 08:29:56
858,Sabrina Barnes,Female,58,2025-03-26 22:23:30
859,Taylor Armstrong,Female,53,2024-08-06 00:21:55
860,Blake Orr,Male,39,2025-08-12 19:18:11
861,Laura Black,Female,46,2025-04-23 20:56:23
862,Lisa Martinez,Female,51,2025-09-15 02:42:04
863,Tiffany Jackson,Female,49,2024-07-18 13:35:54
864,Cameron Henderson,Male,38,2025-07-19 14:03:41
865,Zachary Burton,Male,43,2025-11-13 20:34:55
866,Emma Acosta,Female,51,2025-10-24 01:39:23
867,James Sanders,Male,37,2024-10-15 07:07:26
868,Joseph Stark,Male,38,2024-02-14 14:09:27
869,Lisa Mills,Female,60,2024-12-26 21:28:32
870,Chase Knight,Other,45,2025-05-02 13:34:04
871,Todd Buckley,Male,33,2025-04-17 00:51:54
872,Richard Dillon,Male,35,2025-12-19 14:35:59
873,Jennifer Reyes,Female,32,2025-02-16 03:38:10
874,John Jackson,Male,30,2024-12-13 23:39:31
875,Lee Steele,Male,23,2024-03-06 02:38:18
876,Shawn Vaughn,Male,28,2024-03-14 06:31:48
877,Tammie Prince,Female,36,2024-02-20 16:50:53
878,Rebecca Collins,Female,23,2025-11-20 15:28:42
879,Michael Garcia,Male,50,2025-12-10 21:09:00
880,Eric Manning,Male,60,2025-09-28 04:39:41
881,Derrick Butler,Male,27,2025-06-20 09:41:37
882,Jessica Mcintyre,Female,28,2024-12-17 05:53:07
883,Peter Camacho,Male,29,2025-11-03 16:33:11
884,Rick Jones,Male,46,2025-08-09 03:00:43
885,Brandy York,Female,33,2025-12-18 23:37:38
886,Christopher Golden,Male,53,2024-07-09 21:29:52
887,Danielle Bryant,Female,49,2026-01-18 01:01:09
888,Curtis Richardson,Male,54,2025-01-30 13:20:20
889,Mark Martinez,Male,34,2024-02-28 17:25:08
890,John Griffin,Male,22,2025-12-12 02:37:02
891,Kristen Cooper,Female,28,2025-11-16 14:40:39
892,Nicole Barker,Female,34,2024-09-13 09:45:29
893,Amber Nash,Female,30,2025-10-02 16:46:01
894,Dr. Matthew Byrd,Male,39,2024-08-31 23:45:40
895,Kayla Hancock,Female,27,2025-09-23 04:16:20
896,John Anderson,Male,35,2024-06-18 12:22:26
897,Adam King,Male,16,2025-10-22 07:33:44
898,Michelle Fletcher,Female,50,2024-09-05 21:06:29
899,James Bailey,Male,24,2024-08-18 17:16:34
900,Eric Meyer,Male,33,2025-06-03 08:32:23
901,Brian Hunt,Male,18,2025-07-03 10:52:48
902,Dr. Justin Wheeler,Male,19,2024-09-11 13:09:31
903,Brian Brown,Male,51,2024-09-06 17:42:03
904,Shannon Green,Female,34,2025-08-10 07:25:42
905,Matthew Lopez,Male,60,2025-03-12 18:43:51
906,Stephanie Trujillo,Female,24,2025-10-20 04:49:26
907,Jennifer Flores,Female,56,2024-05-23 16:09:17
908,Matthew Bright,Male,47,2024-08-24 11:44:09
909,Jared Doyle,Male,22,2025-05-02 20:01:45
910,Kenneth Lee,Male,16,2025-08-22 07:33:03
911,Melissa Little,Female,52,2025-02-08 12:01:35
912,Michael Romero,Male,34,2025-11-22 15:26:12
913,Mary Grant,Female,46,2024-09-20 04:12:41
914,Carl Green,Male,46,2025-10-24 20:18:05
915,Susan Arroyo,Female,44,2026-01-03 17:16:27
916,Brandon Kelly,Male,37,2025-09-05 00:45:29
917,Jason Eaton,Male,27,2024-11-19 16:20:32
918,Edward York,Other,19,2025-02-04 11:07:01
919,Madison Carpenter,Female,32,2025-06-01 01:31:18
920,Steve Mason,Male,46,2025-12-09 19:00:35
921,Kendra Gutierrez,Female,23,2025-12-12 09:29:03
922,Brenda Gonzalez,Female,20,2024-12-18 19:34:06
923,Stephanie Hatfield MD,Female,41,2025-12-05 19:52:04
924,Peggy Freeman,Female,47,2025-06-09 02:58:59
925,Erik Brown MD,Male,20,2024-07-16 14:50:59
926,Christopher Duran,Male,52,2025-02-19 06:03:29
927,Richard Anderson,Male,56,2025-01-06 20:38:47
928,Jennifer Sanford,Female,59,2024-11-28 17:12:56
929,Kimberly Cross,Female,19,2024-02-15 22:05:46
930,Peter Schmidt,Male,25,2024-02-18 21:39:37
931,Mark Wright,Male,25,2025-07-27 15:55:04
932,Emily Garcia,Female,52,2025-03-01 22:33:06
933,Carol Colon,Other,35,2024-09-23 14:34:21
934,Joy Meyer,Female,21,2025-03-18 01:56:26
935,Stephen Cowan,Male,31,2024-10-28 04:40:58
936,Mr. Paul Martin DVM,Male,23,2025-10-27 16:36:42
937,Darryl Acosta,Male,51,2024-05-16 21:31:57
938,Alex Wagner,Other,42,2024-05-10 15:35:07
939,Matthew Johnson,Male,54,2025-12-16 19:38:48
940,Patricia Dean,Female,54,2025-05-11 07:13:36
941,Matthew Valdez Jr.,Male,55,2025-07-24 17:32:49
942,Jill Martinez,Female,30,2024-08-19 07:03:46
943,Brittany Neal,Female,49,2025-06-08 13:32:05
944,Jennifer Garcia,Female,40,2025-03-15 02:56:48
945,Larry Taylor,Male,44,2025-11-11 04:10:07
946,Jorge Williamson,Male,44,2024-09-11 13:42:57
947,Brian Gonzalez,Male,35,2024-07-09 03:16:41
948,Sandra Dudley,Other,53,2024-11-08 23:49:34
949,Elizabeth Williams,Female,43,2025-02-24 12:24:07
950,Melissa Castillo,Female,35,2024-08-05 03:10:29
951,Megan Meadows,Female,52,2025-11-14 17:32:08
952,Kathleen Herring,Female,55,2025-10-02 11:06:06
953,Nathaniel Garcia,Male,19,2024-08-21 17:51:15
954,Joyce Madden,Other,55,2024-08-28 03:19:37
955,Brett Thompson,Male,22,2024-03-06 14:58:43
956,Isaac Rhodes,Male,29,2024-12-31 20:48:21
957,Anna Chang,Female,56,2024-03-11 15:06:51
958,Charles Holland,Male,29,2024-10-17 06:21:41
959,Jeffrey Howell,Male,32,2025-12-18 07:39:02
960,Jacqueline Cooper,Female,58,2024-05-03 09:39:43
961,Victor Nelson,Male,21,2024-11-30 13:56:15
962,Karen Fisher,Female,26,2025-12-24 06:13:34
963,Brian Horton,Male,31,2024-03-21 12:55:39
964,Ryan Garcia DVM,Male,27,2025-02-13 21:23:27
965,Michael White,Male,51,2024-11-25 22:44:50
966,Logan Huffman,Male,20,2025-12-19 11:08:28
967,Valerie Anderson,Female,26,2026-01-19 21:08:30
968,Stephen Alexander,Male,16,2024-03-25 04:20:57
969,Emily Bush,Female,42,2025-07-15 13:11:26
970,Natasha Cummings,Female,44,2024-07-27 23:03:40
971,Mckenzie Morgan DDS,Female,60,2025-08-02 03:26:27
972,Jessica Barber,Other,54,2025-02-13 07:30:00
973,Megan Cruz,Female,46,2025-11-17 16:23:19
974,Steven Salazar,Male,34,2024-02-14 00:45:20
975,Christopher Allison,Male,18,2025-11-27 15:42:32
976,Christopher Walton,Male,30,2024-10-11 00:43:38
977,Tracy Williams,Female,34,2024-07-26 23:13:48
978,James Montoya,Male,34,2024-04-06 05:11:18
979,Rebecca West,Female,60,2025-12-01 07:39:36
980,Emily Hooper,Female,45,2025-09-05 19:56:27
981,Brian Gutierrez,Male,20,2025-04-12 17:21:16
982,Samantha Conner,Female,59,2025-05-30 19:54:33
983,Steve Hart,Male,30,2025-06-27 10:13:59
984,Trevor Cox,Male,32,2024-03-18 03:26:34
985,Sarah Rivera,Female,56,2025-09-23 01:21:29
986,Kara Sandoval,Female,53,2025-08-14 01:16:28
987,Anne Hopkins,Female,58,2024-02-06 16:38:01
988,Ronald Brandt,Male,28,2024-09-18 18:38:52
989,James Rodriguez,Male,43,2026-01-01 14:40:51
990,Brenda Love,Female,23,2025-08-18 10:30:58
991,Dawn Gonzalez,Female,50,2024-05-08 18:32:40
992,Jenna Bryant,Female,30,2025-10-03 22:24:42
993,George Sherman,Male,57,2024-03-12 02:30:33
994,Sara Chapman,Female,25,2025-09-26 17:30:32
995,Jim Lawrence,Male,33,2025-03-02 14:36:13
996,Jonathan Moreno,Male,25,2024-03-13 17:07:12
997,Jessica Richards,Other,20,2026-01-22 23:12:06
998,Thomas Thompson,Male,19,2025-04-29 08:42:54
999,Robert Garcia,Other,26,2025-06-29 16:46:28
1000,Stephen Gordon,Male,35,2024-11-29 18:18:39
